FileName,FileSize,SHA256
Payment with a new address.xls,48640,80754f6a0ee3f8f5583cdea310aa824b6daea00f0f77c15213e5ac513c0f7ebb
Receipt attached.xls,49152,423e2a74e2b4b1fca5754cbc99cad17f9ba12396f7bbd10607fbbefdf3475ba0
Recent money transfer details.xls,49152,aff2a78072bab929d92d5c8f371aca7aff1a693e5f56c5e5f227fb0680686631
XC-9142 report.xls,48640,cced507334d1a4c9cdfd88cdbb0feb7e72a895bb181b649f6c500afdef6b78f5
XC-9142 report.xls,48640,cced507334d1a4c9cdfd88cdbb0feb7e72a895bb181b649f6c500afdef6b78f5
AL-9466 report.xls,48640,66c84960d3fe66b36176b6100b8873f99efcf73eb164957c50dfd6a1d5a95dec
100409426565174287614.xls,48640,f1f54e6afc69d810cf43e970b0c478e8affc16d8bd48d48e8ffb012a2bd4354e
7134427703785248503.xls,48640,5b5b82f022ff01363d42edcc11180ab18039a2763f6d8433326215a62d45aa56
GV-3636 report.xls,48640,3c15469f7a7f7f1d74ad746ff494c1116821de8fb9a9083a1a89f1a24e1b9185
Change of Address.xls,48640,71def3ca50f9f7c2eef5b4324283bf38c5a84900e9a1faa5cbc07995710ef5bc
100409426565174287614.xls,48640,f1f54e6afc69d810cf43e970b0c478e8affc16d8bd48d48e8ffb012a2bd4354e
"Form - 22 Apr, 2022.xls",48640,f480d4d5c236040f98ec81400c8ad2a282e7daac1201ebb221426b7a1446df69
17968932919480902.xls,48640,6e38ff31e24e7ea1d5d02f32c4e182df34e75e560dc742b09df17cd66464231c